"","agrupacion","cant_total","porc"
"1","UNION POR LA PATRIA",9645983,35.5931466651661
"2","LA LIBERTAD AVANZA",7884336,29.0927661395888
"3","JUNTOS POR EL CAMBIO",6267152,23.1254461374117
"4","HACEMOS POR NUESTRO PAIS",1784315,6.58402419865926
"5","VOTO EN BLANCO/NULO",808957,2.98500683101067
"6","FRENTE DE IZQUIERDA",709932,2.61961002816351
